id;product;materiaal
49516;H4b W4 TF-042-B copro 0627/0006;staal
49853;Omnibeton - transition DB120S-100S + transition DB100S-DB80;None
49870;Omnibeton - Safelink in situ;None
49871;Omnibeton - DB 80 K180S;None
49952;BMS1L-H2W4  Copro 0622/0024;None
50368;BMS1L-H2W4  Copro 0622/0024;None
49880;Omnibeton - Safelink in situ;None
50203;OVERGANGSCONSTRUCTIE VAN BMS1L-H2 NAAR MEGARAIL SK (0620/4008);None
50238;schelp;None
49279;SAFE-END P4 terminal:A 0628/7001;None
49884;BMS1L-H2W4  Copro 0622/0024;None
50269;H4B / L4B W4 VI9 ASI A KUNSTWERK(0620/0027);None
50655;RB80XA 1_8 + Refence 124.03;None
49877;Omnibeton - DB 80 K180S;None
50576;BMS1L-H2W4  Copro 0622/0024;None
49856;Omnibeton - Safelink in situ;None
49608;H4B / L4B W4 VI9 ASI A KUNSTWERK(0620/0027);None
49428;Safestar 221 Crash Barrier H2/A/W2/VI5 (0620/0041);staal
49518;H4b W4 TF-042-B copro 0627/0006;staal
50278;H4B / L4B W4 VI9 ASI A KUNSTWERK(0620/0027);None
50375;BMS1L-H2W4  Copro 0622/0024;None
49858;Omnibeton - Safelink in situ;None
49848;Omnibeton - EP 80 BAS-E;None
50357;schelp;None
49524;H4b W4 TF-042-B copro 0627/0006;staal
49444;Safestar 221 Crash Barrier H2/A/W2/VI5 (0620/0041);staal
49515;H4b W4 TF-042-B copro 0627/0006;staal
50205;H4B / L4B W4 VI9 ASI A KUNSTWERK(0620/0027);None
50217;OVERGANGSCONSTRUCTIE VAN BMS1L-H2 NAAR MEGARAIL SK (0620/4008);None
50359;OVERGANGSCONSTRUCTIE VAN BMS1L-H2 NAAR MEGARAIL SK (0620/4008);None
50358;BMS1L-H2W4  Copro 0622/0024;None
49867;Omnibeton - DB 120S-A;None
50520;OBSTAKELBEVEILIGER 110 KM/H - ASI B - Z1 - D1 copro: 0604/3005 copro: 0604/3001;None
49290;H4b Wn4 VIn6 ASI A in grond (0620/0003);staal
49961;BMS1L-H2W4  Copro 0622/0024;None
50561;SAFE-END P4/T110 snelcode: 0628/0024;staal
49843;Omnibeton - Safelink in situ;None
49423;Safestar 221 Crash Barrier H2/A/W2/VI5 (0620/0041);staal
50522;OBSTAKELBEVEILIGER 110 KM/H - ASI B - Z1 - D1 copro: 0604/3005;None
49882;BMS1L-H2W4  Copro 0622/0024;None
49519;H4b W4 TF-042-B copro 0627/0006;staal
49439;Safestar 221 Crash Barrier H2/A/W2/VI5 (0620/0041);staal
50206;OVERGANGSCONSTRUCTIE VAN BMS1L-H2 NAAR MEGARAIL SK (0620/4008);None
49960;Safestar brug 441 H4bW4  Copro 0620/0045;None
49510;H4b W4 TF-042-B copro 0627/0006;staal
49869;Omnibeton - EP 80 BAS-E;None
49426;Safestar 221 Crash Barrier H2/A/W2/VI5 (0620/0041);staal
49283;H4b Wn4 VIn6 ASI A in grond (0620/0003);staal
49378;Safestar 221 Crash Barrier H2/A/W2/VI5 (0620/0041);staal
50397;H4B / L4B W4 VI9 ASI A KUNSTWERK(0620/0027);None
49610;H4B / L4B W4 VI9 ASI A KUNSTWERK(0620/0027);None
50221;schelp;None
49284;H4B / L4B W4 VI9 ASI A KUNSTWERK(0620/0027);None
50232;BMS1L-H2W4  Copro 0622/0024;None
49955;BMS1L-H2W4  Copro 0622/0024;None
50355;BMS1L-H2W4  Copro 0622/0024;None
49842;Omnibeton - DB 80 K180S;None
49671;H4b W4 VI7 ASI A in grond: 0620/0045;staal
49404;Safestar 221 Crash Barrier H2/A/W2/VI5 (0620/0041);staal
49959;BMS1L-H2W4  Copro 0622/0024;None
49939;Safestar brug 441 H4bW4  Copro 0620/0045;None
49511;H4b W4 TF-042-B copro 0627/0006;staal
49887;BMS1L-H2W4  Copro 0622/0024;None
50527;OBSTAKELBEVEILIGER 110 KM/H - ASI B - Z1 - D1 copro: 0604/3005;None
50234;BMS1L-H2W4  Copro 0622/0024;None
49400;Safestar 221 Crash Barrier H2/A/W2/VI5 (0620/0041);staal
49445;Safestar 221 Crash Barrier H2/A/W2/VI5 (0620/0041);staal
47677;OBSTAKELBEVEILIGER 110 KM/H - ASI B - Z1 - D1 copro: 0604/3005;None
50396;OVERGANGSCONSTRUCTIE VAN SAFESTAR 241 NAAR MEGARAIL SK (0620/4001);None
49371;Safestar 221 Crash Barrier H2/A/W2/VI5 (0620/0041);staal
50214;BMS1L-H2W4  Copro 0622/0024;None
50224;BMS1L-H2W4  Copro 0622/0024;None
49850;Omnibeton - DB 80 K180S;None
49873;Omnibeton - DB 120S-A;None
49962;BMS1L-H2W4  Copro 0622/0024;None
49953;BMS1L-H2W4  Copro 0622/0024;None
50402;OVERGANGSCONSTRUCTIE VAN SAFESTAR 241 NAAR MEGARAIL SK (0620/4001);None
49861;Omnibeton - DB 80 K180S;None
49958;BMS1L-H2W4  Copro 0622/0024;None
49844;Omnibeton - EP 80 BAS-E;None
50552;SAFE-END P4/T110 snelcode: 0628/0024;None
49409;Safestar 221 Crash Barrier H2/A/W2/VI5 (0620/0041);staal
49938;BMS1L-H2W4  Copro 0622/0024;None
49520;H4b W4 TF-042-B copro 0627/0006;staal
47678;OBSTAKELBEVEILIGER 110 KM/H - ASI B - Z1 - D1 copro: 0604/3005;None
49859;Omnibeton - DB 80 K180S;None
50353;OVERGANGSCONSTRUCTIE VAN BMS1L-H2 NAAR MEGARAIL SK (0620/4008);None
50201;BMS1L-H2W4  Copro 0622/0024;None
50271;OVERGANGSCONSTRUCTIE VAN BMS1L-H2 NAAR MEGARAIL SK (0620/4008);None
50237;BMS1L-H2W4  Copro 0622/0024;None
50404;OVERGANGSCONSTRUCTIE VAN SAFESTAR 241 NAAR MEGARAIL SK (0620/4001);None
49872;Safelink DB 80 DB 120S-A;None
49876;Omnibeton - Safelink in situ;None
49862;Omnibeton - transition DB120S-100S + transition DB100S-DB80;None
49881;Omnibeton - DB 80 K180S;None
50279;OVERGANGSCONSTRUCTIE VAN BMS1L-H2 NAAR MEGARAIL SK (0620/4008);None
49413;Safestar 221 Crash Barrier H2/A/W2/VI5 (0620/0041);staal
49949;BMS1L-H2W4  Copro 0622/0024;None
50360;H4B / L4B W4 VI9 ASI A KUNSTWERK(0620/0027);None
49065;H4b Wn4 VIn6 ASI A in grond (0620/0003);staal
49408;Safestar 221 Crash Barrier H2/A/W2/VI5 (0620/0041);staal
49609;H4B / L4B W4 VI9 ASI A KUNSTWERK(0620/0027);None
49957;BMS1L-H2W4  Copro 0622/0024;None
50371;OVERGANGSCONSTRUCTIE VAN BMS1L-H2 NAAR MEGARAIL SK (0620/4008);None
49509;H4b W4 TF-042-B copro 0627/0006;staal
49425;Safestar 221 Crash Barrier H2/A/W2/VI5 (0620/0041);staal
49847;Omnibeton - Safelink in situ;None
49854;Omnibeton - DB 80 K180S;None
49523;H4b W4 TF-042-B copro 0627/0006;staal
49291;H4B / L4B W4 VI9 ASI A KUNSTWERK(0620/0027);None
49669;H4b W4 VI7 ASI A in grond: 0620/0045;None
49865;Omnibeton - EP 80 BAS-E;None
50231;OVERGANGSCONSTRUCTIE VAN BMS1L-H2 NAAR MEGARAIL SK (0620/4008);None
50518;TF 065 devergentiebaken;None
50235;schelp;None
49879;Omnibeton - EP 80 BAS-E;None
49874;Omnibeton - Safelink in situ;None
50405;OVERGANGSCONSTRUCTIE VAN SAFESTAR 241 NAAR MEGARAIL SK (0620/4001);None
50216;H4B / L4B W4 VI9 ASI A KUNSTWERK(0620/0027);None
50366;TF 065 devergentiebaken;None
50350;OVERGANGSCONSTRUCTIE VAN BMS1L-H2 NAAR MEGARAIL SK (0620/4008);None
49525;H4b W4 TF-042-B copro 0627/0006;staal
49936;Safestar brug 441 H4bW4  Copro 0620/0045;None
49878;Omnibeton - Safelink in situ;None
49407;Safestar 221 Crash Barrier H2/A/W2/VI5 (0620/0041);staal
49864;Omnibeton - Safelink in situ;None
50351;H4B / L4B W4 VI9 ASI A KUNSTWERK(0620/0027);None
50229;L4B / H4B WN4 VIN9 ASI A KUNSTWERK (0620/0024);None
49866;Omnibeton - Safelink in situ;None
49954;BMS1L-H2W4  Copro 0622/0024;None
50212;schelp;None
50524;OBSTAKELBEVEILIGER 110 KM/H - ASI B - Z1 - D1 copro: 0604/3005;None
50356;BMS1L-H2W4  Copro 0622/0024;None
49300;H4B / L4B W4 VI9 ASI A KUNSTWERK(0620/0027);None
50349;BMS1L-H2W4  Copro 0622/0024;None
49857;Omnibeton - EP 80 BAS-E;None
49851;Safelink DB 80 DB 120S-A;None
50220;BMS1L-H2W4  Copro 0622/0024;None
49947;BMS1L-H2W4  Copro 0622/0024;None
49437;Safestar 221 Crash Barrier H2/A/W2/VI5 (0620/0041);staal
50363;BMS1L-H2W4  Copro 0622/0024;None
50365;schelp;None
50215;OVERGANGSCONSTRUCTIE VAN BMS1L-H2 NAAR MEGARAIL SK (0620/4008);None
50369;OVERGANGSCONSTRUCTIE VAN BMS1L-H2 NAAR MEGARAIL SK (0620/4008);None
50528;TERMINAL: DT / BDT / T110 copro:0604/7000;None
50228;OVERGANGSCONSTRUCTIE VAN BMS1L-H2 NAAR MEGARAIL SK (0620/4008);None
49863;Omnibeton - DB 80 K180S;None
49852;Omnibeton - DB 120S-A;None
49883;RIMOB CRASHGUARD V1850-6S  Copro 0620/3002;None
50211;BMS1L-H2W4  Copro 0622/0024;None
49945;Safestar brug 441 H4bW4  Copro 0620/0045;None
50268;OVERGANGSCONSTRUCTIE VAN BMS1L-H2 NAAR MEGARAIL SK (0620/4008);None
49940;BMS1L-H2W4  Copro 0622/0024;None
49377;Safestar 221 Crash Barrier H2/A/W2/VI5 (0620/0041);staal
50208;schelp;None
49935;BMS1L-H2W4  Copro 0622/0024;None
49398;Safestar 221 Crash Barrier H2/A/W2/VI5 (0620/0041);staal
49868;Omnibeton - Safelink in situ;None
50575;BMS1L-H2W4  Copro 0622/0024;None
49846;Omnibeton - DB 120S-A;None
50364;BMS1L-H2W4  Copro 0622/0024;None
50276;OVERGANGSCONSTRUCTIE VAN BMS1L-H2 NAAR MEGARAIL SK (0620/4008);None
49399;Safestar 221 Crash Barrier H2/A/W2/VI5 (0620/0041);staal
49412;Safestar 221 Crash Barrier H2/A/W2/VI5 (0620/0041);staal
50225;BMS1L-H2W4  Copro 0622/0024;None
50370;L4B / H4B WN4 VIN9 ASI A KUNSTWERK (0620/0024);None
50226;BMS1L-H2W4  Copro 0622/0024;None
49849;Omnibeton - Safelink in situ;None
49517;H4b W4 TF-042-B copro 0627/0006;staal
49049;H4b Wn4 VIn6 ASI A in grond (0620/0003);staal
49313;H4B / L4B W4 VI9 ASI A KUNSTWERK(0620/0027);None
49860;Safelink DB 80 DB 120S-A;None
50361;OVERGANGSCONSTRUCTIE VAN BMS1L-H2 NAAR MEGARAIL SK (0620/4008);None
49312;H4b Wn4 VIn6 ASI A in grond (0620/0003);staal
49403;Safestar 221 Crash Barrier H2/A/W2/VI5 (0620/0041);staal
50656;RB80XA 1_8 + Refence 124.03;None
49956;RIMOB CRASHGUARD V1850-6S  Copro 0620/3002;None
49875;Omnibeton - EP 80 BAS-E;None
50398;OVERGANGSCONSTRUCTIE VAN SAFESTAR 241 NAAR MEGARAIL SK (0620/4001);None
49845;Omnibeton - Safelink in situ;None
49934;BMS1L-H2W4  Copro 0622/0024;None
50207;BMS1L-H2W4  Copro 0622/0024;None
